Username,EnterpriseID,StatusPernikahan,JenisKelamin,StatusKepegawaian,Pekerjaan,JenjangKarir,PerformancePegawai,AsalDaerah,HiringPlatform,SkorSurveyEngagement,SkorKepuasanPegawai,JumlahKeikutsertaanProjek,JumlahKeterlambatanSebulanTerakhir,JumlahKetidakhadiran,NomorHP,Email,TingkatPendidikan,PernahBekerja,IkutProgramLOP,AlasanResign,TanggalLahir,TanggalHiring,TanggalPenilaianKaryawan,TanggalResign
spiritedPorpoise3,111065,Belum_menikah,Pria,Outsource,Software Engineer (Back End),Freshgraduate_program,Sangat_bagus,Jakarta Timur,Employee_Referral,4,4,0,0,9,+6282232522xxx,spiritedPorpoise3135@yahoo.com,Magister,1,1,masih_bekerja,01/07/1972,10/01/2011,15/02/2016,-
jealousGelding2,106080,Belum_menikah,Pria,FullTime,Data Analyst,Freshgraduate_program,Sangat_kurang,Jakarta Utara,Website,4,4,4,0,3,+6281270745xxx,jealousGelding2239@yahoo.com,Sarjana,1,1,toxic_culture,26/04/1984,06/01/2014,17/01/2020,16/06/2018
pluckyMuesli3,106452,Menikah,Pria,FullTime,Software Engineer (Front End),Freshgraduate_program,Bagus,Jakarta Timur,Indeed,4,3,0,0,11,+6281346215xxx,pluckyMuesli3961@icloud.com,Magister,1,1,jam_kerja,07/01/1974,10/01/2011,10/01/2016,24/09/2014
stressedTruffle1,106325,Belum_menikah,Pria,Outsource,Software Engineer (Front End),Freshgraduate_program,Bagus,Jakarta Pusat,LinkedIn,3,3,0,4,6,+6283233846xxx,stressedTruffle1406@hotmail.com,Sarjana,1,0,masih_bekerja,24/11/1979,17/02/2014,04/02/2020,-
shyTermite7,111171,Belum_menikah,Wanita,FullTime,Product Manager,Freshgraduate_program,Bagus,Jakarta Timur,LinkedIn,3,3,0,0,11,+6287883263xxx,shyTermite7149@gmail.com,Sarjana,1,0,ganti_karir,07/11/1974,11/11/2013,22/01/2020,06/09/2018
emptyMacaw4,106419,Belum_menikah,Wanita,Outsource,Software Engineer (Front End),Senior_level,Biasa,Jakarta Selatan,Indeed,3,4,6,0,10,+6283886053xxx,emptyMacaw4468@yahoo.com,Sarjana,1,0,masih_bekerja,12/05/1980,02/10/2016,06/02/2020,-
madZebra1,100309,Menikah,Wanita,FullTime,Data Analyst,Freshgraduate_program,Biasa,Jakarta Utara,LinkedIn,2,3,4,0,19,+6285735701xxx,madZebra1244@icloud.com,Sarjana,1,,masih_bekerja,24/05/1979,10/11/2014,02/01/2020,-
cynicalMandrill7,110500,Belum_menikah,Pria,FullTime,Software Engineer (Back End),Senior_level,Kurang,Jakarta Selatan,LinkedIn,2,5,0,0,4,+6281293511xxx,cynicalMandrill7920@hotmail.com,Magister,1,,masih_bekerja,24/08/1983,08/07/2013,14/01/2020,-
lyingMussel8,110533,Bercerai,Pria,FullTime,Software Engineer (Android),Senior_level,Sangat_kurang,Jakarta Selatan,Employee_Referral,3,,0,0,5,+6281276485xxx,lyingMussel8944@proton.com,Magister,1,,masih_bekerja,26/08/1980,06/07/2016,28/02/2020,-
enviousMoth4,110927,Menikah,Wanita,FullTime,Software Engineer (Android),Freshgraduate_program,Sangat_bagus,Jakarta Pusat,Indeed,4,5,6,0,4,+6281391211xxx,enviousMoth4516@yahoo.com,Sarjana,1,,masih_bekerja,21/02/1984,30/03/2015,03/01/2020,-
puzzledCake4,105548,Belum_menikah,Pria,FullTime,Software Engineer (Front End),Mid_level,Kurang,Jakarta Timur,CareerBuilder,3,2,0,3,3,+6281263218xxx,puzzledCake4844@icloud.com,Sarjana,1,1,ganti_karir,17/12/1975,20/07/2010,14/01/2020,12/01/2019
grizzledSnipe7,111354,Bercerai,Wanita,FullTime,Software Engineer (Back End),Senior_level,Sangat_bagus,Jakarta Barat,CareerBuilder,1,5,0,5,2,+6289987666xxx,grizzledSnipe7992@outlook.com,Magister,1,,tidak_bahagia,18/07/1989,05/07/2011,06/02/2016,19/09/2018
yearningBagels0,100895,Menikah,Pria,FullTime,Software Engineer (Back End),Freshgraduate_program,Biasa,Jakarta Pusat,LinkedIn,4,3,0,0,50,+6287794061xxx,yearningBagels0311@outlook.com,Magister,1,,masih_bekerja,10/08/1988,11/11/2013,08/01/2020,-
sheepishSheep9,110783,Menikah,Wanita,Outsource,Software Engineer (Back End),Freshgraduate_program,Bagus,Jakarta Selatan,LinkedIn,3,4,0,0,12,+6282234433xxx,sheepishSheep9611@outlook.com,Sarjana,1,,masih_bekerja,02/12/1983,16/05/2011,26/02/2020,-
madWildfowl7,105507,Menikah,Wanita,FullTime,Software Engineer (Back End),Freshgraduate_program,Biasa,Jakarta Selatan,Indeed,3,4,0,0,3,+6281965329xxx,madWildfowl7630@gmail.com,Sarjana,1,,ganti_karir,27/08/1983,27/06/2011,10/03/2016,06/04/2019
enviousSalami4,106710,Belum_menikah,Wanita,FullTime,Software Engineer (Front End),Senior_level,Sangat_kurang,Jakarta Utara,LinkedIn,3,3,0,0,,+6285856642xxx,enviousSalami4948@hotmail.com,Doktor,1,,toxic_culture,15/03/1985,10/01/2011,05/01/2015,04/08/2019
pacifiedRaisins7,101236,Menikah,Pria,FullTime,Product Manager,Freshgraduate_program,Bagus,Jakarta Pusat,Diversity_Job_Fair,3,4,0,0,12,+6289563833xxx,pacifiedRaisins7330@outlook.com,Sarjana,1,,masih_bekerja,03/12/1976,09/01/2012,31/01/2020,-
wrathfulMagpie6,105985,Belum_menikah,Wanita,FullTime,Software Engineer (Android),Freshgraduate_program,Sangat_bagus,Jakarta Barat,LinkedIn,3,4,0,0,11,+6285998643xxx,wrathfulMagpie6981@gmail.com,Sarjana,1,,masih_bekerja,06/11/1986,05/07/2011,25/02/2020,-
hushedSeahorse7,111202,Bercerai,Wanita,FullTime,Data Analyst,Freshgraduate_program,Sangat_bagus,Jakarta Pusat,Diversity_Job_Fair,3,4,0,0,17,+6281212698xxx,hushedSeahorse7404@icloud.com,Sarjana,1,1,internal_conflict,30/05/1968,02/04/2012,05/02/2017,12/09/2017
guiltyMoth4,100621,Lainnya,Pria,FullTime,Software Engineer (Back End),Freshgraduate_program,Biasa,Jakarta Utara,Indeed,1,2,0,4,9,+6289723429xxx,guiltyMoth4337@icloud.com,Sarjana,1,,masih_bekerja,19/04/1967,07/07/2014,31/01/2020,-
peacefulCoati5,100301,Menikah,Wanita,FullTime,Product Manager,Senior_level,Sangat_bagus,Jakarta Utara,LinkedIn,4,5,0,0,15,+6283355427xxx,peacefulCoati5154@yahoo.com,Sarjana,1,,masih_bekerja,22/05/1977,09/01/2012,07/01/2020,-
dejectedPolenta7,101120,Lainnya,Wanita,FullTime,Scrum Master,Mid_level,Sangat_kurang,Jakarta Barat,Indeed,3,4,,0,,+6285591576xxx,dejectedPolenta7016@proton.com,Sarjana,1,,masih_bekerja,26/03/1981,05/07/2011,02/03/2019,-
needfulLeopard2,101124,Menikah,Pria,Outsource,Product Design (UX Researcher),Freshgraduate_program,Bagus,Jakarta Selatan,LinkedIn,3,3,0,0,7,+6285777032xxx,needfulLeopard2944@gmail.com,Magister,1,,masih_bekerja,19/03/1979,08/07/2013,18/02/2020,-
offendedIguana0,110788,Belum_menikah,Wanita,Outsource,Software Engineer (Back End),Freshgraduate_program,Bagus,Jakarta Pusat,LinkedIn,3,3,0,0,19,+6289531301xxx,offendedIguana0059@yahoo.com,Doktor,1,,masih_bekerja,01/10/1990,30/03/2015,16/01/2020,-
pluckyHoopoe3,105394,Bercerai,Wanita,Outsource,Product Design (UI & UX),Freshgraduate_program,Bagus,Jakarta Timur,CareerBuilder,1,3,0,2,3,+6281251580xxx,pluckyHoopoe3654@yahoo.com,Sarjana,1,,ganti_karir,21/09/1990,04/04/2011,27/02/2020,04/04/2016
needySyrup4,101226,Bercerai,Pria,FullTime,Product Manager,Freshgraduate_program,Biasa,Jakarta Pusat,Diversity_Job_Fair,2,,6,4,13,+6283112696xxx,needySyrup4506@hotmail.com,Magister,1,,ganti_karir,05/10/1986,15/02/2012,22/02/2020,19/02/2018
forsakenOwl1,105911,Belum_menikah,Wanita,FullTime,Software Engineer (Back End),Freshgraduate_program,Bagus,Jakarta Barat,CareerBuilder,4,3,0,0,15,+6283851827xxx,forsakenOwl1469@outlook.com,Magister,1,,masih_bekerja,27/08/1972,10/01/2011,30/01/2014,-
pluckyApples4,110566,Menikah,Wanita,FullTime,Software Engineer (Front End),Senior_level,Biasa,Jakarta Selatan,LinkedIn,3,5,0,0,15,+6281988935xxx,pluckyApples4880@icloud.com,Sarjana,1,,Product Design (UI & UX),10/04/1987,06/07/2016,28/01/2020,07/08/2016
guiltySnail8,106577,Belum_menikah,Wanita,Outsource,Software Engineer (Back End),Freshgraduate_program,Kurang,Jakarta Selatan,Employee_Referral,3,3,0,0,16,+6281228852xxx,guiltySnail8568@outlook.com,Sarjana,1,,ganti_karir,02/02/1965,11/11/2013,24/01/2020,15/06/2015
grizzledFlamingo9,106473,Menikah,Wanita,FullTime,Software Engineer (Back End),Mid_level,Biasa,Jakarta Utara,LinkedIn,4,3,7,0,,+6289673952xxx,grizzledFlamingo9139@proton.com,Doktor,1,,masih_bekerja,27/05/1973,05/01/2015,13/02/2019,-
worriedSyrup7,100603,Menikah,Pria,FullTime,Software Engineer (Android),Freshgraduate_program,Kurang,Jakarta Timur,Indeed,4,4,0,0,14,+6281989141xxx,worriedSyrup7917@yahoo.com,Sarjana,1,,masih_bekerja,31/10/1977,16/05/2011,02/04/2017,-
somberBoars0,106411,Bercerai,Pria,Outsource,Software Engineer (Front End),Mid_level,Bagus,Jakarta Barat,Diversity_Job_Fair,3,4,0,0,4,+6281307483xxx,somberBoars0230@proton.com,Magister,1,,masih_bekerja,06/11/1984,21/02/2011,19/04/2015,-
giddyMallard9,100730,Belum_menikah,Pria,FullTime,Software Engineer (Android),Mid_level,Kurang,Jakarta Pusat,Indeed,1,5,0,6,15,+6283300431xxx,giddyMallard9195@icloud.com,Magister,1,,ganti_karir,18/10/1989,11/05/2015,03/01/2020,02/08/2016
madFerret4,106540,Belum_menikah,Wanita,Outsource,Software Engineer (Front End),Freshgraduate_program,Biasa,Jakarta Pusat,LinkedIn,3,3,6,0,7,+6281222388xxx,madFerret4760@hotmail.com,Magister,1,,masih_bekerja,14/04/1981,30/09/2014,07/01/2020,-
mereCaribou1,106529,Belum_menikah,Wanita,Outsource,Software Engineer (Back End),Freshgraduate_program,Biasa,Jakarta Utara,LinkedIn,3,3,0,0,2,+6282206634xxx,mereCaribou1593@gmail.com,Sarjana,1,,masih_bekerja,10/07/1988,29/09/2014,18/02/2020,-
decimalAbalone6,110848,Menikah,Wanita,FullTime,Software Engineer (Back End),Mid_level,Biasa,Jakarta Pusat,LinkedIn,3,3,0,0,20,+6283327274xxx,decimalAbalone6779@outlook.com,Magister,1,,masih_bekerja,25/05/1986,12/05/2014,07/02/2020,-
blissfulMussel3,105437,Belum_menikah,Wanita,FullTime,Software Engineer (Front End),Mid_level,Bagus,Jakarta Timur,Google_Search,2,5,0,1,19,+6289998200xxx,blissfulMussel3985@outlook.com,Sarjana,1,,masih_bekerja,01/06/1964,15/08/2011,10/02/2014,-
ardentLapwing0,110342,Belum_menikah,Pria,FullTime,Product Manager,Freshgraduate_program,Bagus,Jakarta Barat,Google_Search,3,4,0,0,7,+6289811806xxx,ardentLapwing0588@gmail.com,Sarjana,1,,masih_bekerja,20/07/1983,20/02/2012,14/02/2020,-
peskyTeal7,110552,Belum_menikah,Pria,FullTime,Software Engineer (Front End),Freshgraduate_program,Sangat_bagus,Jakarta Pusat,Indeed,2,5,0,0,15,+6289729171xxx,peskyTeal7261@icloud.com,Sarjana,1,,masih_bekerja,19/03/1983,05/01/2009,04/02/2020,-
blissfulHyena1,111140,Bercerai,Wanita,FullTime,Digital Product Manager,Freshgraduate_program,Bagus,Jakarta Timur,Indeed,3,4,0,0,19,+6289713466xxx,blissfulHyena1934@hotmail.com,Sarjana,1,,masih_bekerja,28/03/1982,19/08/2013,12/02/2020,-
solidMacaw1,100373,Belum_menikah,Pria,Outsource,Product Design (UI & UX),Freshgraduate_program,Sangat_kurang,Jakarta Selatan,LinkedIn,3,4,0,0,13,+6281872169xxx,solidMacaw1167@gmail.com,Magister,1,,masih_bekerja,06/04/1979,08/07/2013,11/01/2020,-
cautiousPolenta9,106561,Lainnya,Pria,Outsource,Software Engineer (Back End),Freshgraduate_program,Bagus,Jakarta Selatan,Indeed,3,3,0,0,4,+6281207070xxx,cautiousPolenta9061@proton.com,Magister,1,,masih_bekerja,30/10/1963,29/09/2014,28/01/2020,-
excludedPorpoise4,110363,Bercerai,Wanita,Outsource,Product Design (UI & UX),Freshgraduate_program,Sangat_bagus,Jakarta Barat,Google_Search,4,5,0,0,12,+6289919120xxx,excludedPorpoise4252@icloud.com,Sarjana,1,1,masih_bekerja,27/10/1970,04/04/2011,14/01/2020,-
shamefulIguana0,101682,Lainnya,Wanita,FullTime,Software Engineer (Back End),Freshgraduate_program,Bagus,Jakarta Barat,Indeed,3,5,0,0,4,+6281210001xxx,shamefulIguana0780@yahoo.com,Magister,1,0,masih_bekerja,05/06/1967,18/02/2013,14/01/2020,-
shySyrup7,105543,Belum_menikah,Pria,FullTime,Software Engineer (Front End),Freshgraduate_program,Bagus,Jakarta Barat,LinkedIn,1,3,0,5,16,+6281238359xxx,shySyrup7423@yahoo.com,Magister,1,,masih_bekerja,12/08/1979,11/07/2011,01/05/2017,-
forsakenCow7,101626,Belum_menikah,Wanita,FullTime,Software Engineer (Back End),Senior_level,Sangat_bagus,Jakarta Pusat,Indeed,3,4,0,0,18,+6285742730xxx,forsakenCow7683@gmail.com,Doktor,1,,masih_bekerja,12/05/1989,27/09/2010,31/01/2020,-
grumpyFish4,110505,Belum_menikah,Pria,FullTime,Software Engineer (Front End),Mid_level,Sangat_bagus,Jakarta Barat,Employee_Referral,2,5,0,0,17,+6289521535xxx,grumpyFish4017@hotmail.com,Sarjana,1,,kejelasan_karir,11/06/1970,14/05/2012,19/01/2020,15/11/2017
wingedPorpoise5,106141,Belum_menikah,Wanita,FullTime,Product Design (UI & UX),Senior_level,Bagus,Jakarta Barat,Website,4,3,0,0,6,+6289691256xxx,wingedPorpoise5929@outlook.com,Sarjana,1,,masih_bekerja,22/10/1975,16/02/2015,23/01/2020,-
soreCaribou0,111250,Belum_menikah,Wanita,FullTime,Product Design (UI & UX),Freshgraduate_program,Biasa,Jakarta Pusat,LinkedIn,3,4,0,0,18,+6285700061xxx,soreCaribou0431@outlook.com,Magister,1,,masih_bekerja,07/07/1984,01/04/2013,17/01/2020,-
needfulCardinal0,105390,Bercerai,Wanita,Outsource,Software Engineer (Back End),Senior_level,Bagus,Jakarta Timur,Indeed,4,3,0,0,19,+6281206622xxx,needfulCardinal0741@proton.com,Magister,1,,tidak_bahagia,01/09/1989,07/07/2014,27/02/2020,07/01/2015
giddyCheetah9,100381,Menikah,Wanita,FullTime,Product Design (UI & UX),Freshgraduate_program,Sangat_kurang,Jakarta Pusat,Indeed,3,3,0,0,2,+6282295263xxx,giddyCheetah9745@icloud.com,Sarjana,1,,ganti_karir,27/12/1958,19/08/2013,10/01/2020,26/09/2013
hushedOil9,105634,Bercerai,Pria,FullTime,Software Engineer (Back End),Freshgraduate_program,Biasa,Jakarta Pusat,Indeed,3,4,0,0,1,+6281206113xxx,hushedOil9777@proton.com,Sarjana,1,,masih_bekerja,15/11/1982,12/05/2014,19/02/2020,-
crummyPudding5,100826,Lainnya,Wanita,Outsource,Software Engineer (Back End),Freshgraduate_program,Biasa,Jakarta Utara,Indeed,3,5,0,0,7,+6289829434xxx,crummyPudding5519@icloud.com,Sarjana,1,,masih_bekerja,18/06/1992,11/11/2013,18/02/2020,-
selfishBasmati2,110407,Lainnya,Wanita,FullTime,Product Design (UI & UX),Freshgraduate_program,Biasa,Jakarta Timur,Diversity_Job_Fair,4,4,3,0,,+6285718122xxx,selfishBasmati2000@hotmail.com,Magister,1,,tidak_bahagia,04/04/1987,16/02/2015,18/02/2020,23/09/2018
adoringCardinal9,101188,Lainnya,Wanita,FullTime,Data Analyst,Mid_level,Sangat_bagus,Jakarta Barat,LinkedIn,4,5,0,0,,+6289841872xxx,adoringCardinal9745@yahoo.com,Sarjana,1,,masih_bekerja,21/05/1987,30/03/2015,07/02/2020,-
importedApricots7,105820,Menikah,Wanita,FullTime,Software Engineer (Back End),Freshgraduate_program,Biasa,Jakarta Barat,Indeed,3,,,0,10,+6289594763xxx,importedApricots7729@hotmail.com,Sarjana,1,0,masih_bekerja,23/10/1971,16/02/2015,20/01/2016,-
grizzledCod7,111184,Belum_menikah,Wanita,Outsource,Product Manager,Mid_level,Sangat_bagus,Jakarta Barat,Indeed,4,4,0,0,8,+6281209062xxx,grizzledCod7824@hotmail.com,Doktor,1,,masih_bekerja,22/11/1977,31/05/2011,10/01/2020,-
insecureShads2,111302,Belum_menikah,Wanita,Outsource,Product Design (UI & UX),Freshgraduate_program,Sangat_bagus,Jakarta Utara,LinkedIn,2,2,0,6,3,+6289741767xxx,insecureShads2204@proton.com,Sarjana,1,,masih_bekerja,30/09/1980,31/03/2014,09/03/2019,-
wornoutChamois3,111533,Belum_menikah,Wanita,Outsource,Software Engineer (Front End),Freshgraduate_program,Kurang,Jakarta Barat,Google_Search,4,5,0,0,14,+6285889643xxx,wornoutChamois3020@hotmail.com,Doktor,1,,masih_bekerja,10/03/1975,30/09/2013,06/02/2020,-
lazyToucan3,106660,Bercerai,Wanita,FullTime,Software Engineer (Front End),Freshgraduate_program,Kurang,Jakarta Utara,Diversity_Job_Fair,3,5,0,0,11,+6287705186xxx,lazyToucan3860@gmail.com,Magister,1,,masih_bekerja,03/04/1975,27/04/2009,15/02/2013,-
cockyTeal5,105937,Lainnya,Wanita,FullTime,Software Engineer (Front End),Senior_level,Biasa,Jakarta Utara,Indeed,3,3,4,0,6,+6285899573xxx,cockyTeal5115@icloud.com,Sarjana,1,,masih_bekerja,16/09/1985,16/02/2015,15/04/2016,-
puzzledBagels7,101053,Belum_menikah,Pria,Outsource,Software Engineer (Front End),Mid_level,Sangat_bagus,Jakarta Pusat,Diversity_Job_Fair,3,5,0,0,20,+6281967947xxx,puzzledBagels7691@hotmail.com,Sarjana,1,,masih_bekerja,24/02/1969,07/03/2011,17/01/2020,-
debonairPlover9,111692,Lainnya,Wanita,FullTime,Software Engineer (Back End),Freshgraduate_program,Biasa,Jakarta Utara,LinkedIn,2,5,0,4,18,+6283194302xxx,debonairPlover9126@icloud.com,Sarjana,1,,masih_bekerja,16/05/1983,17/02/2014,11/02/2020,-
wornoutCrane2,111397,Menikah,Wanita,FullTime,Software Engineer (Front End),Freshgraduate_program,Biasa,Jakarta Timur,Google_Search,2,4,0,0,14,+6285982588xxx,wornoutCrane2580@gmail.com,Sarjana,1,,masih_bekerja,15/10/1984,16/05/2011,02/04/2019,-
mercifulSausage4,100674,Lainnya,Wanita,FullTime,Data Engineer,Freshgraduate_program,Sangat_bagus,Jakarta Pusat,Google_Search,1,3,0,0,6,+6283244035xxx,mercifulSausage4755@icloud.com,Sarjana,1,,masih_bekerja,23/09/1973,26/04/2010,21/01/2020,-
boastfulLlama7,110454,Belum_menikah,Pria,FullTime,Software Engineer (Back End),Freshgraduate_program,Kurang,Jakarta Pusat,Google_Search,3,3,5,0,4,+6281290991xxx,boastfulLlama7262@yahoo.com,Sarjana,1,,tidak_bahagia,22/11/1966,15/08/2011,21/01/2020,08/06/2018
trustingLizard8,100769,Belum_menikah,Pria,FullTime,Data Engineer,Freshgraduate_program,Biasa,Jakarta Utara,CareerBuilder,3,3,0,2,7,+6287864537xxx,trustingLizard8944@hotmail.com,Sarjana,1,,masih_bekerja,28/08/1963,06/09/2011,27/01/2020,-
mellowCheese1,105779,Bercerai,Pria,Outsource,Software Engineer (Back End),Mid_level,Kurang,Jakarta Barat,Employee_Referral,3,3,0,0,,+6287742497xxx,mellowCheese1411@icloud.com,Doktor,1,,masih_bekerja,15/09/1985,30/03/2015,18/02/2020,-
boastfulWasp1,110642,Lainnya,Wanita,FullTime,Software Engineer (Front End),Mid_level,Biasa,Jakarta Selatan,Indeed,4,4,0,0,6,+6285660996xxx,boastfulWasp1154@gmail.com,Doktor,1,,tidak_bisa_remote,02/12/1978,07/01/2013,18/01/2020,04/11/2017
excitedCake6,110524,Belum_menikah,Wanita,FullTime,Software Engineer (Front End),Freshgraduate_program,Bagus,Jakarta Pusat,Google_Search,3,5,0,0,9,+6281202919xxx,excitedCake6722@proton.com,Sarjana,1,0,masih_bekerja,31/08/1981,16/05/2011,03/05/2013,-
blissfulGnu4,106501,Lainnya,Wanita,Outsource,Software Engineer (Android),Mid_level,Kurang,Jakarta Selatan,Indeed,3,3,6,0,2,+6283206252xxx,blissfulGnu4786@hotmail.com,Magister,1,,masih_bekerja,24/07/1986,05/11/2012,13/02/2020,-
zestyPorpoise7,105688,Belum_menikah,Pria,FullTime,Software Engineer (Back End),Freshgraduate_program,Biasa,Jakarta Timur,Employee_Referral,3,3,0,0,3,+6289655446xxx,zestyPorpoise7101@gmail.com,Magister,1,,masih_bekerja,25/08/1978,31/03/2014,11/01/2020,-
lyingAntelope8,110612,Belum_menikah,Pria,FullTime,Software Engineer (iOS),Mid_level,Bagus,Jakarta Barat,Indeed,2,3,0,6,5,+6285936816xxx,lyingAntelope8984@outlook.com,Sarjana,1,,masih_bekerja,02/11/1975,29/09/2014,30/01/2020,-
cruelCaviar1,110478,Belum_menikah,Wanita,Outsource,Software Engineer (Android),Freshgraduate_program,Sangat_kurang,Jakarta Pusat,Indeed,4,5,0,0,7,+6285654618xxx,cruelCaviar1334@outlook.com,Doktor,1,,masih_bekerja,15/05/1963,18/08/2014,21/01/2020,-
pacifiedCow0,105370,Belum_menikah,Wanita,Outsource,Product Design (UI & UX),Freshgraduate_program,Bagus,Jakarta Utara,Google_Search,3,4,5,0,8,+6281973417xxx,pacifiedCow0861@icloud.com,Sarjana,1,,masih_bekerja,04/04/1986,07/07/2014,15/01/2016,-
ashamedSyrup5,100852,Belum_menikah,Pria,FullTime,Software Engineer (Front End),Mid_level,Biasa,Jakarta Selatan,LinkedIn,4,3,0,0,2,+6281961300xxx,ashamedSyrup5760@gmail.com,Sarjana,1,,masih_bekerja,21/05/1979,02/07/2012,14/01/2020,-
solemnLemur7,106462,Belum_menikah,Pria,FullTime,Software Engineer (Front End),Mid_level,Bagus,Jakarta Pusat,Employee_Referral,2,5,0,0,4,+6283842230xxx,solemnLemur7109@gmail.com,Magister,1,,masih_bekerja,28/01/1985,08/07/2013,11/02/2020,-
culturedOrange6,101163,Menikah,Wanita,FullTime,Software Engineer (Back End),Senior_level,Sangat_bagus,Jakarta Pusat,LinkedIn,4,3,0,0,4,+6283359623xxx,culturedOrange6330@yahoo.com,Magister,1,,masih_bekerja,25/08/1976,11/05/2016,21/01/2020,-
somberCod8,110312,Bercerai,Pria,FullTime,Data Analyst,Mid_level,Sangat_bagus,Jakarta Barat,Employee_Referral,4,4,0,0,19,+6289954216xxx,somberCod8452@icloud.com,Sarjana,1,,masih_bekerja,18/02/1983,30/09/2013,25/02/2020,-
excludedTeal8,100942,Lainnya,Wanita,FullTime,Software Engineer (Back End),Freshgraduate_program,Bagus,Jakarta Utara,LinkedIn,3,4,0,0,4,+6283218201xxx,excludedTeal8756@gmail.com,Sarjana,1,,masih_bekerja,10/06/1986,20/02/2012,07/01/2020,-
brainyMagpie7,106620,Belum_menikah,Pria,FullTime,Software Engineer (Back End),Senior_level,Biasa,Jakarta Pusat,Indeed,2,5,5,0,9,+6281267984xxx,brainyMagpie7048@gmail.com,Doktor,1,,internal_conflict,01/09/1986,29/09/2014,18/01/2020,06/06/2019
brainySalt8,105538,Lainnya,Pria,FullTime,Data Engineer,Freshgraduate_program,Kurang,Jakarta Barat,Employee_Referral,3,5,0,0,3,+6283112563xxx,brainySalt8580@proton.com,Sarjana,1,,masih_bekerja,08/09/1977,08/07/2013,14/01/2020,-
artisticTacos7,100515,Belum_menikah,Wanita,Outsource,Software Engineer (Back End),Freshgraduate_program,Biasa,Jakarta Barat,Indeed,3,5,0,0,3,+6283134314xxx,artisticTacos7452@proton.com,Doktor,1,,masih_bekerja,31/05/1988,03/10/2011,30/01/2020,-
brainyRice8,106245,Bercerai,Wanita,FullTime,Product Design (UI & UX),Freshgraduate_program,Biasa,Jakarta Pusat,CareerBuilder,3,3,6,0,6,+6289935357xxx,brainyRice8142@icloud.com,Sarjana,1,,masih_bekerja,04/04/1979,16/02/2015,11/02/2020,-
scornfulCoati1,110699,Belum_menikah,Pria,Outsource,Software Engineer (Front End),Senior_level,Kurang,Jakarta Barat,Google_Search,4,4,0,5,16,+6285585054xxx,scornfulCoati1438@icloud.com,Magister,1,,toxic_culture,02/09/1983,02/04/2012,12/04/2019,27/09/2020
finickyDunbird1,105678,Lainnya,Wanita,FullTime,Software Engineer (Front End),Freshgraduate_program,Biasa,Jakarta Barat,Google_Search,4,3,0,0,7,+6281290096xxx,finickyDunbird1042@icloud.com,Magister,1,,apresiasi,05/09/1991,04/04/2011,09/04/2018,25/02/2020
sincereGatorade8,111089,Menikah,Wanita,Outsource,Data Analyst,Freshgraduate_program,Sangat_bagus,Jakarta Timur,Indeed,3,5,7,0,2,+6281225029xxx,sincereGatorade8842@icloud.com,Sarjana,1,,toxic_culture,14/06/1987,02/10/2016,08/01/2020,15/03/2017
peskyPudding8,110423,Belum_menikah,Wanita,FullTime,Software Engineer (Front End),Freshgraduate_program,Sangat_bagus,Jakarta Timur,Diversity_Job_Fair,3,2,6,0,14,+6289859069xxx,peskyPudding8206@hotmail.com,Sarjana,1,,masih_bekerja,24/11/1987,27/10/2008,15/01/2020,-
fondDoughnut4,110646,Bercerai,Wanita,FullTime,Software Engineer (Back End),Freshgraduate_program,Biasa,Jakarta Timur,CareerBuilder,2,5,0,0,15,+6289864418xxx,fondDoughnut4927@outlook.com,Sarjana,1,,masih_bekerja,07/10/1986,02/04/2012,19/02/2020,-
wingedPoultry2,105419,Bercerai,Wanita,FullTime,Software Engineer (Back End),Mid_level,Sangat_bagus,Jakarta Pusat,Google_Search,3,4,0,0,6,+6283263626xxx,wingedPoultry2087@hotmail.com,Magister,1,,internal_conflict,24/08/1990,02/04/2012,04/03/2014,17/05/2018
grumpyCow6,100597,Menikah,Pria,FullTime,Software Engineer (Back End),Freshgraduate_program,Sangat_bagus,Jakarta Pusat,Indeed,3,4,3,2,2,+6289763743xxx,grumpyCow6508@icloud.com,Sarjana,1,,masih_bekerja,15/04/1988,09/07/2018,31/01/2020,-
somberJerky8,100992,Lainnya,Pria,Outsource,Scrum Master,Freshgraduate_program,Kurang,Jakarta Barat,CareerBuilder,3,4,0,0,9,+6285581609xxx,somberJerky8901@icloud.com,Magister,1,,masih_bekerja,19/08/1959,07/11/2011,14/02/2019,-
boredHyena0,101306,Menikah,Wanita,Outsource,Software Engineer (Back End),Freshgraduate_program,Biasa,Jakarta Timur,LinkedIn,4,3,0,0,17,+6285758275xxx,boredHyena0206@hotmail.com,Sarjana,1,,masih_bekerja,11/02/1952,14/05/2012,02/07/2014,-
gloomyClam6,100919,Belum_menikah,Pria,FullTime,Software Engineer (Back End),Freshgraduate_program,Kurang,Jakarta Timur,Indeed,2,5,0,0,9,+6285908172xxx,gloomyClam6755@gmail.com,Doktor,1,,jam_kerja,14/09/1988,18/08/2014,30/01/2020,24/06/2015
joyfulBuzzard8,106638,Menikah,Pria,FullTime,Software Engineer (Android),Senior_level,Bagus,Jakarta Barat,Google_Search,4,5,0,0,10,+6287829760xxx,joyfulBuzzard8100@gmail.com,Magister,1,,ganti_karir,07/10/1982,05/01/2015,24/01/2020,09/01/2015
curiousBaboon5,105429,Belum_menikah,Pria,FullTime,Software Engineer (Front End),Mid_level,Sangat_bagus,Jakarta Utara,Google_Search,3,3,0,0,9,+6281830594xxx,curiousBaboon5744@icloud.com,Sarjana,1,,tidak_bisa_remote,28/07/1983,29/09/2014,01/02/2020,19/08/2020
cockyBuzzard5,110932,Menikah,Wanita,FullTime,Software Engineer (Android),Freshgraduate_program,Bagus,Jakarta Pusat,LinkedIn,3,4,0,0,19,+6289794136xxx,cockyBuzzard5324@proton.com,Sarjana,1,,masih_bekerja,17/03/1966,05/05/2014,21/01/2020,-
insecureClam1,100760,Bercerai,Pria,FullTime,Software Engineer (Back End),Freshgraduate_program,Biasa,Jakarta Selatan,Indeed,4,5,5,0,15,+6289791534xxx,insecureClam1801@proton.com,Sarjana,1,,masih_bekerja,05/07/1980,15/04/2011,07/01/2020,-
forsakenWidgeon8,100639,Lainnya,Wanita,FullTime,Software Engineer (Front End),Mid_level,Sangat_kurang,Jakarta Barat,Website,1,1,0,2,17,+6283347244xxx,forsakenWidgeon8050@proton.com,Sarjana,1,,masih_bekerja,14/05/1987,20/02/2012,29/01/2020,-
peskyFlamingo7,111049,Bercerai,Pria,FullTime,Software Engineer (Front End),Freshgraduate_program,Sangat_kurang,Jakarta Timur,Indeed,3,3,0,0,17,+6285710742xxx,peskyFlamingo7657@proton.com,Sarjana,1,,masih_bekerja,02/02/1980,10/01/2011,21/01/2020,-
worldlyPaella8,111157,Belum_menikah,Wanita,FullTime,Software Engineer (Back End),Freshgraduate_program,Biasa,Jakarta Pusat,LinkedIn,3,4,0,0,14,+6285508465xxx,worldlyPaella8406@yahoo.com,Sarjana,1,,masih_bekerja,07/07/1986,06/01/2014,26/02/2020,-
lazyPorpoise0,100957,Belum_menikah,Wanita,FullTime,Data Engineer,Mid_level,Kurang,Jakarta Pusat,Google_Search,3,3,0,0,18,+6281937385xxx,lazyPorpoise0172@yahoo.com,Sarjana,1,,masih_bekerja,22/09/1976,21/02/2011,01/02/2014,-
brainyFish3,111083,Menikah,Pria,Outsource,Data Analyst,Freshgraduate_program,Sangat_bagus,Jakarta Barat,Google_Search,3,3,0,0,20,+6285960968xxx,brainyFish3571@hotmail.com,Sarjana,1,,toxic_culture,09/05/1984,02/04/2012,20/02/2014,08/06/2018
sincereSeafowl4,110793,Belum_menikah,Wanita,FullTime,Software Engineer (Back End),Senior_level,Sangat_kurang,Jakarta Barat,Diversity_Job_Fair,3,4,0,0,2,+6285756514xxx,sincereSeafowl4749@hotmail.com,Sarjana,1,,jam_kerja,15/05/1970,07/11/2011,29/04/2017,15/11/2018
jumpyTomatoe4,105969,Belum_menikah,Wanita,Outsource,Software Engineer (Front End),Senior_level,Sangat_bagus,Jakarta Barat,Indeed,4,3,0,0,14,+6285778884xxx,jumpyTomatoe4555@gmail.com,Magister,1,0,toxic_culture,28/01/1991,19/08/2013,14/01/2020,05/09/2017
scornfulBoa6,111235,Belum_menikah,Wanita,FullTime,Data Analyst,Freshgraduate_program,Bagus,Jakarta Timur,Indeed,3,3,0,0,1,+6281335006xxx,scornfulBoa6602@yahoo.com,Sarjana,1,,,24/04/1970,13/05/2013,14/01/2020,-
troubledThrushe9,101192,-,Wanita,FullTime,Data Analyst,Freshgraduate_program,Bagus,Jakarta Barat,CareerBuilder,4,3,0,0,20,+6281801928xxx,troubledThrushe9146@proton.com,Sarjana,1,,toxic_culture,07/01/1987,07/01/2013,30/01/2020,19/08/2014
finickyRat1,100610,Belum_menikah,Wanita,FullTime,Software Engineer (Android),Freshgraduate_program,Bagus,Jakarta Timur,CareerBuilder,3,5,5,0,8,+6283263312xxx,finickyRat1900@icloud.com,Sarjana,1,,masih_bekerja,05/07/1979,09/01/2012,25/01/2020,-
jealousIguana3,111209,Belum_menikah,Wanita,FullTime,Data Analyst,Freshgraduate_program,Biasa,Jakarta Timur,CareerBuilder,4,4,0,0,10,+6283373813xxx,jealousIguana3026@gmail.com,Sarjana,1,0,toxic_culture,22/09/1976,30/03/2015,21/01/2020,19/08/2014
mildAbalone7,100350,Menikah,Pria,FullTime,Product Design (UI & UX),Freshgraduate_program,Sangat_kurang,Jakarta Pusat,On-line_Web_application,4,5,0,0,1,+6285741068xxx,mildAbalone7337@hotmail.com,Sarjana,1,,masih_bekerja,15/07/1977,24/09/2012,02/03/2018,-
ferventRhino1,110652,Bercerai,Wanita,FullTime,DevOps Engineer,Freshgraduate_program,Sangat_kurang,Jakarta Pusat,Employee_Referral,3,4,6,0,16,+6289907753xxx,ferventRhino1271@outlook.com,Sarjana,1,,masih_bekerja,18/07/1988,05/01/2015,25/02/2020,-
thriftyHare2,101407,Lainnya,Wanita,FullTime,Software Engineer (Back End),Senior_level,Biasa,Jakarta Pusat,Indeed,3,5,0,0,16,+6285581511xxx,thriftyHare2990@gmail.com,Sarjana,1,,masih_bekerja,22/09/1970,24/09/2012,02/04/2014,-
joyfulVenison6,101389,Belum_menikah,Pria,FullTime,Software Engineer (Back End),Mid_level,Sangat_bagus,Jakarta Utara,Google_Search,3,3,0,0,15,+6283227259xxx,joyfulVenison6060@gmail.com,Sarjana,1,,ganti_karir,23/11/1981,05/11/2007,25/02/2020,30/05/2013
eagerHoopoe7,111290,Lainnya,Wanita,FullTime,Product Design (UI & UX),Freshgraduate_program,Biasa,Jakarta Utara,Indeed,4,5,0,0,2,+6285982568xxx,eagerHoopoe7199@hotmail.com,Sarjana,1,,masih_bekerja,31/03/1989,08/07/2013,25/01/2020,-
selfishBurritos1,101037,Bercerai,Wanita,FullTime,Scrum Master,Freshgraduate_program,Sangat_bagus,Jakarta Timur,Google_Search,3,4,0,0,6,+6283181215xxx,selfishBurritos1329@hotmail.com,Sarjana,1,,masih_bekerja,08/10/1970,26/09/2011,30/01/2014,-
wingedLeopard7,106436,Lainnya,Wanita,FullTime,Software Engineer (Front End),Mid_level,Biasa,Jakarta Pusat,Google_Search,4,5,0,0,55,+6289913280xxx,wingedLeopard7878@hotmail.com,Sarjana,1,,masih_bekerja,12/01/1973,28/11/2011,11/02/2020,-
zestyTermite5,105558,Menikah,Wanita,FullTime,Software Engineer (Front End),Senior_level,Bagus,Jakarta Timur,Indeed,4,5,0,0,6,+6283215136xxx,zestyTermite5310@yahoo.com,Magister,1,,masih_bekerja,31/03/1977,05/01/2015,14/02/2020,-
contentAbalone0,101331,Belum_menikah,Wanita,Outsource,Software Engineer (Front End),Freshgraduate_program,Biasa,Jakarta Pusat,Google_Search,4,4,0,0,7,+6282255326xxx,contentAbalone0699@icloud.com,Sarjana,1,0,masih_bekerja,01/05/1979,07/02/2011,04/03/2014,-
cruelGnu6,106599,Bercerai,Wanita,FullTime,Software Engineer (Back End),Senior_level,Sangat_bagus,Jakarta Barat,LinkedIn,4,5,0,0,15,+6281209169xxx,cruelGnu6026@gmail.com,Sarjana,1,,masih_bekerja,30/09/1975,02/10/2012,14/02/2020,-
mildBuck3,106697,Belum_menikah,Pria,FullTime,Software Engineer (Front End),Freshgraduate_program,Sangat_bagus,Jakarta Timur,CareerBuilder,4,3,5,0,11,+6281832158xxx,mildBuck3345@outlook.com,Magister,1,,tidak_bisa_remote,05/05/1988,05/01/2015,15/04/2016,11/01/2016
brainyMagpie7,101264,Bercerai,Pria,FullTime,Product Design (UI & UX),Freshgraduate_program,Kurang,Jakarta Barat,Indeed,4,3,6,0,17,+6285946196xxx,brainyMagpie7608@proton.com,Magister,1,,masih_bekerja,25/04/1970,10/02/2017,25/02/2020,-
crushedLollies6,105488,Menikah,Pria,FullTime,Software Engineer (Back End),Freshgraduate_program,Biasa,Jakarta Pusat,Indeed,3,5,7,0,8,+6289900398xxx,crushedLollies6670@outlook.com,Magister,1,,kejelasan_karir,09/02/1972,06/09/2016,15/01/2020,31/10/2016
puzzledBurritos7,111373,Belum_menikah,Wanita,Outsource,Software Engineer (Android),Mid_level,Kurang,Jakarta Timur,LinkedIn,3,,,0,14,+6281254157xxx,puzzledBurritos7565@icloud.com,Sarjana,1,,masih_bekerja,10/03/1979,02/04/2012,14/01/2020,-
dopeyBass1,100398,Lainnya,Wanita,Outsource,Software Engineer (Back End),Freshgraduate_program,Sangat_kurang,Jakarta Utara,Google_Search,3,5,0,0,5,+6283144061xxx,dopeyBass1665@proton.com,Magister,1,,masih_bekerja,16/01/1967,10/01/2011,04/03/2015,-
dearKitten3,111266,Belum_menikah,Pria,FullTime,Product Design (UI & UX),Freshgraduate_program,Sangat_bagus,Jakarta Utara,Diversity_Job_Fair,3,3,0,0,19,+6289679074xxx,dearKitten3235@yahoo.com,Sarjana,1,,Product Design (UI & UX),02/05/1989,26/09/2011,02/03/2014,15/12/2017
cruelWidgeon9,106608,Bercerai,Wanita,FullTime,Software Engineer (Front End),Freshgraduate_program,Bagus,Jakarta Utara,Google_Search,3,4,0,0,9,+6281287214xxx,cruelWidgeon9579@hotmail.com,Sarjana,1,,masih_bekerja,25/08/1982,10/01/2011,07/02/2020,-
crushedRaisins0,100899,Lainnya,Wanita,FullTime,Software Engineer (Back End),Mid_level,Bagus,Jakarta Timur,CareerBuilder,4,4,0,0,8,+6283805300xxx,crushedRaisins0204@gmail.com,Magister,1,,masih_bekerja,18/08/1952,09/01/2012,02/05/2016,-
scornfulDove3,101662,Lainnya,Wanita,FullTime,Data Engineer,Freshgraduate_program,Sangat_kurang,Jakarta Utara,Google_Search,4,3,0,0,3,+6285710367xxx,scornfulDove3185@gmail.com,Sarjana,1,,jam_kerja,24/05/1953,16/05/2011,18/04/2018,18/06/2015
brainyGranola0,111427,Belum_menikah,Pria,Outsource,Software Engineer (Android),Mid_level,Biasa,Jakarta Selatan,CareerBuilder,4,3,0,0,4,+6281268533xxx,brainyGranola0883@gmail.com,Doktor,1,,masih_bekerja,12/10/1954,12/05/2014,28/01/2020,-
soreEggs6,105592,Lainnya,Pria,FullTime,Software Engineer (Android),Freshgraduate_program,Sangat_kurang,Jakarta Timur,LinkedIn,4,4,0,0,6,+6287725725xxx,soreEggs6451@yahoo.com,Magister,1,,kejelasan_karir,14/09/1979,07/11/2011,27/02/2020,07/04/2014
jubilantTruffle2,111366,Bercerai,Wanita,Outsource,Software Engineer (Back End),Mid_level,Bagus,Jakarta Selatan,Indeed,3,5,0,0,6,+6282254352xxx,jubilantTruffle2009@proton.com,Doktor,1,,masih_bekerja,09/05/1977,25/10/2010,05/03/2016,-
tautTacos4,105986,Bercerai,Wanita,FullTime,Software Engineer (Front End),Freshgraduate_program,Kurang,Jakarta Selatan,LinkedIn,4,5,0,0,9,+6289717407xxx,tautTacos4135@hotmail.com,Sarjana,1,,masih_bekerja,13/04/1964,06/01/2014,21/01/2020,-
stressedBittern3,110774,Belum_menikah,Wanita,Outsource,Data Engineer,Freshgraduate_program,Sangat_bagus,Jakarta Pusat,LinkedIn,3,4,5,0,1,+6285838402xxx,stressedBittern3064@yahoo.com,Magister,1,,apresiasi,06/07/1968,01/05/2010,01/02/2020,15/04/2017
sheepishWidgeon1,101510,Belum_menikah,Wanita,Outsource,Software Engineer (iOS),Mid_level,Bagus,Jakarta Selatan,Diversity_Job_Fair,1,4,0,5,4,+6289832939xxx,sheepishWidgeon1917@outlook.com,Magister,1,,masih_bekerja,06/06/1968,04/07/2016,18/02/2020,-
grudgingMuesli6,106109,Lainnya,Pria,FullTime,Software Engineer (Front End),Freshgraduate_program,Sangat_bagus,Jakarta Pusat,Website,4,3,0,0,16,+6289724050xxx,grudgingMuesli6971@icloud.com,Sarjana,1,,masih_bekerja,27/12/1988,30/04/2012,29/01/2020,-
resolvedMoth3,111569,Belum_menikah,Pria,Outsource,Data Engineer,Freshgraduate_program,Sangat_bagus,Jakarta Selatan,Diversity_Job_Fair,1,4,0,2,16,+6283203119xxx,resolvedMoth3943@yahoo.com,Sarjana,1,,masih_bekerja,16/08/1984,18/05/2014,16/01/2020,-
lovesickRhino0,105734,Belum_menikah,Pria,FullTime,Software Engineer (Back End),Freshgraduate_program,Sangat_bagus,Jakarta Timur,LinkedIn,1,3,6,3,2,+6287885203xxx,lovesickRhino0235@hotmail.com,Sarjana,1,,tidak_bahagia,18/06/1987,30/03/2015,04/02/2020,01/04/2015
mellowCheese4,101130,Bercerai,Wanita,Outsource,Software Engineer (Front End),Mid_level,Kurang,Jakarta Utara,Diversity_Job_Fair,4,4,5,0,14,+6289720470xxx,mellowCheese4272@gmail.com,Sarjana,1,,tidak_bahagia,05/10/1988,21/01/2011,25/01/2020,24/09/2014
thriftyMoth4,101511,Lainnya,Pria,FullTime,Software Engineer (Back End),Freshgraduate_program,Kurang,Jakarta Selatan,Google_Search,3,5,0,0,7,+6289570871xxx,thriftyMoth4270@icloud.com,Sarjana,1,,masih_bekerja,21/12/1974,05/01/2009,05/02/2019,-
gleefulKitten1,106347,Belum_menikah,Pria,FullTime,Software Engineer (Back End),Freshgraduate_program,Sangat_bagus,Jakarta Pusat,Google_Search,3,5,0,4,15,+6287713961xxx,gleefulKitten1142@outlook.com,Sarjana,1,,masih_bekerja,17/03/1988,10/01/2011,06/04/2018,-
selfishApples3,110842,Belum_menikah,Wanita,Outsource,Software Engineer (Back End),Senior_level,Sangat_bagus,Jakarta Timur,Employee_Referral,4,4,5,0,11,+6289591398xxx,selfishApples3642@hotmail.com,Magister,1,,masih_bekerja,16/04/1981,05/01/2015,28/01/2020,-
brainyBittern0,106446,Lainnya,Pria,FullTime,Software Engineer (Front End),Freshgraduate_program,Sangat_bagus,Jakarta Timur,Indeed,3,5,0,0,13,+6281271727xxx,brainyBittern0336@icloud.com,Doktor,1,,masih_bekerja,03/07/1972,05/07/2011,06/01/2013,-
dreadfulKitten0,101635,Menikah,Wanita,Outsource,Software Engineer (Android),Senior_level,Sangat_kurang,Jakarta Selatan,Indeed,3,4,0,0,12,+6285595323xxx,dreadfulKitten0985@proton.com,Sarjana,1,,masih_bekerja,28/03/1978,08/01/2009,24/01/2020,-
obsessedSwift1,100561,Menikah,Pria,FullTime,Software Engineer (Front End),Freshgraduate_program,Sangat_bagus,Jakarta Pusat,Indeed,2,3,6,0,2,+6281205790xxx,obsessedSwift1187@outlook.com,Sarjana,1,,tidak_bisa_remote,26/08/1986,30/03/2015,22/01/2020,29/04/2020
cautiousPonie3,105711,Bercerai,Wanita,FullTime,Software Engineer (Front End),Freshgraduate_program,Bagus,Jakarta Timur,LinkedIn,3,5,0,0,17,+6285896821xxx,cautiousPonie3736@gmail.com,Magister,1,,masih_bekerja,22/09/1978,07/07/2014,22/02/2020,-
forsakenAntelope5,105923,Belum_menikah,Wanita,FullTime,Software Engineer (Back End),Senior_level,Bagus,Jakarta Pusat,Indeed,2,5,0,0,16,+6287890050xxx,forsakenAntelope5142@gmail.com,Sarjana,1,,masih_bekerja,16/02/1984,15/08/2011,05/03/2013,-
ferventAbalone7,105357,Belum_menikah,Wanita,FullTime,Product Design (UI & UX),Senior_level,Bagus,Jakarta Timur,Employee_Referral,3,3,0,0,16,+6282250643xxx,ferventAbalone7081@proton.com,Sarjana,1,,tidak_bahagia,17/04/1966,21/07/2016,14/01/2020,01/04/2018
brainyLlama9,100884,Menikah,Wanita,FullTime,Software Engineer (Front End),Freshgraduate_program,Sangat_bagus,Jakarta Timur,LinkedIn,3,5,0,0,20,+6285503547xxx,brainyLlama9557@gmail.com,Sarjana,1,,Product Design (UI & UX),09/02/1969,07/03/2012,01/02/2014,24/04/2016
unhappyPorpoise4,110481,Menikah,Wanita,FullTime,Software Engineer (Back End),Mid_level,Bagus,Jakarta Utara,Google_Search,4,4,0,0,11,+6283315810xxx,unhappyPorpoise4277@proton.com,Magister,1,,masih_bekerja,02/01/1951,29/09/2014,12/02/2020,-
pridefulBuck8,106483,Lainnya,Wanita,Outsource,Software Engineer (Android),Mid_level,Bagus,Jakarta Utara,Website,4,4,0,0,8,+6289968388xxx,pridefulBuck8335@icloud.com,Sarjana,1,,masih_bekerja,05/12/1974,06/01/2014,31/01/2020,-
enviousMacaw4,111591,Menikah,Wanita,FullTime,Software Engineer (Front End),Senior_level,Biasa,Jakarta Timur,Indeed,1,2,1,6,20,+6285732429xxx,enviousMacaw4523@icloud.com,Sarjana,1,,masih_bekerja,20/07/1968,20/02/2012,25/02/2020,-
joyfulMacaw9,100906,Lainnya,Pria,FullTime,Software Engineer (Front End),Mid_level,Sangat_bagus,Jakarta Barat,Google_Search,3,4,0,0,1,+6289558729xxx,joyfulMacaw9993@yahoo.com,Sarjana,1,,tidak_bisa_remote,04/01/1984,13/08/2012,11/02/2020,04/06/2017
crummyPolenta1,111326,Belum_menikah,Pria,Outsource,Software Engineer (Front End),Freshgraduate_program,Sangat_bagus,Jakarta Utara,Website,4,5,0,0,18,+6282234371xxx,crummyPolenta1401@icloud.com,Magister,1,,tidak_bisa_remote,19/05/1982,05/01/2015,14/01/2020,09/01/2016
jealousPlover2,106294,Belum_menikah,Wanita,FullTime,Software Engineer (Front End),Freshgraduate_program,Bagus,Jakarta Selatan,LinkedIn,2,5,0,0,4,+6289993369xxx,jealousPlover2299@hotmail.com,Sarjana,1,,masih_bekerja,07/07/1984,08/07/2013,02/01/2020,-
emptyMussel0,106605,Belum_menikah,Wanita,FullTime,Software Engineer (Back End),Senior_level,Biasa,Jakarta Timur,LinkedIn,3,4,0,0,16,+6283349250xxx,emptyMussel0325@outlook.com,Doktor,1,,masih_bekerja,26/03/1973,13/05/2013,02/03/2016,-
joyfulCod3,100801,Lainnya,Pria,FullTime,Software Engineer (Front End),Freshgraduate_program,Bagus,Jakarta Pusat,Diversity_Job_Fair,4,4,0,3,15,+6287886819xxx,joyfulCod3447@yahoo.com,Sarjana,1,,masih_bekerja,09/08/1974,02/04/2012,20/01/2016,-
worldlyCow6,101422,Menikah,Pria,FullTime,Software Engineer (Back End),Mid_level,Bagus,Jakarta Pusat,Indeed,2,5,0,0,19,+6281908593xxx,worldlyCow6773@gmail.com,Magister,1,,masih_bekerja,31/12/1984,26/09/2011,04/02/2019,-
debonairChile3,110471,Belum_menikah,Wanita,Outsource,Software Engineer (Back End),Freshgraduate_program,Bagus,Jakarta Selatan,LinkedIn,4,5,6,0,7,+6289640675xxx,debonairChile3133@gmail.com,Sarjana,1,,toxic_culture,06/06/1986,30/06/2016,18/02/2020,12/12/2017
boredEggs0,100326,Bercerai,Wanita,FullTime,Product Manager,Freshgraduate_program,Bagus,Jakarta Timur,Diversity_Job_Fair,3,4,0,0,12,+6283854646xxx,boredEggs0834@outlook.com,Sarjana,1,,ganti_karir,12/01/1974,10/01/2011,30/01/2017,31/03/2016
peskyJaguar5,110665,Belum_menikah,Wanita,FullTime,Software Engineer (Back End),Senior_level,Biasa,Jakarta Selatan,Indeed,4,5,0,0,14,+6289950860xxx,peskyJaguar5956@icloud.com,Sarjana,1,1,masih_bekerja,08/11/1988,10/01/2011,27/01/2020,-
similarCardinal3,105902,Menikah,Wanita,FullTime,Software Architect,Mid_level,Sangat_bagus,Jakarta Selatan,CareerBuilder,4,4,0,0,5,+6285696756xxx,similarCardinal3436@icloud.com,Sarjana,1,,masih_bekerja,02/05/1974,12/05/2014,15/02/2020,-
needfulZebra5,111703,Menikah,Pria,FullTime,Software Engineer (Back End),Freshgraduate_program,Sangat_bagus,Jakarta Pusat,Diversity_Job_Fair,3,3,4,0,9,+6285507346xxx,needfulZebra5962@gmail.com,Sarjana,1,,tidak_bisa_remote,14/06/1983,18/02/2013,12/02/2018,15/04/2015
cautiousOwl6,101100,Belum_menikah,Pria,FullTime,Software Engineer (Back End),Freshgraduate_program,Sangat_bagus,Jakarta Pusat,CareerBuilder,3,4,0,0,20,+6287717879xxx,cautiousOwl6613@proton.com,Sarjana,1,,masih_bekerja,10/06/1984,05/01/2016,28/01/2020,-
forsakenSalt3,100468,Bercerai,Pria,Outsource,Software Engineer (Front End),Freshgraduate_program,Bagus,Jakarta Utara,LinkedIn,4,3,0,0,14,+6281288888xxx,forsakenSalt3729@proton.com,Sarjana,1,,tidak_bisa_remote,02/02/1983,31/03/2014,01/02/2020,19/08/2020
gutturalDotterel4,110703,Belum_menikah,Wanita,Outsource,Software Engineer (Back End),Senior_level,Biasa,Jakarta Barat,Google_Search,1,3,0,5,19,+6283342582xxx,gutturalDotterel4945@icloud.com,Sarjana,1,,masih_bekerja,06/05/1989,17/02/2014,15/01/2018,-
cockyTruffle7,106494,Menikah,Pria,Outsource,Software Engineer (Back End),Mid_level,Biasa,Jakarta Pusat,Indeed,2,5,7,0,13,+6283185998xxx,cockyTruffle7952@icloud.com,Sarjana,1,,masih_bekerja,05/04/1973,20/01/2013,18/02/2020,-
resolvedCod5,110380,Belum_menikah,Pria,FullTime,Product Design (UI & UX),Freshgraduate_program,Biasa,Jakarta Pusat,Google_Search,4,,0,0,13,+6287879882xxx,resolvedCod5392@outlook.com,Sarjana,1,,masih_bekerja,22/12/1970,02/04/2012,14/01/2020,-
trustingCrane4,111198,Menikah,Pria,FullTime,Product Manager,Mid_level,Biasa,Jakarta Utara,Website,2,4,0,0,7,+6283126068xxx,trustingCrane4883@icloud.com,Sarjana,1,0,masih_bekerja,01/07/1984,06/07/2016,29/01/2020,-
abjectRuffs3,101652,Bercerai,Pria,FullTime,Software Engineer (Back End),Senior_level,Sangat_bagus,Jakarta Timur,Indeed,2,3,6,0,14,+6283157914xxx,abjectRuffs3176@proton.com,Sarjana,1,1,tidak_bahagia,24/10/1987,20/04/2017,02/01/2020,26/09/2020
guiltyCardinal3,110461,Belum_menikah,Wanita,FullTime,Software Engineer (Back End),Mid_level,Kurang,Jakarta Barat,Indeed,5,4,6,0,3,+6281383552xxx,guiltyCardinal3824@proton.com,Sarjana,1,0,masih_bekerja,05/04/1987,11/11/2013,30/01/2020,-
annoyedWhiting8,111276,Lainnya,Pria,FullTime,Product Design (UI & UX),Mid_level,Biasa,Jakarta Timur,LinkedIn,4,5,0,0,11,+6281272189xxx,annoyedWhiting8110@outlook.com,Magister,1,1,masih_bekerja,08/04/1977,12/05/2014,18/02/2020,-
jumpyBasmati9,111220,Belum_menikah,Pria,Internship,Product Manager,Freshgraduate_program,Sangat_bagus,Jakarta Pusat,LinkedIn,2,2,0,6,6,+6289878705xxx,jumpyBasmati9859@proton.com,Sarjana,1,0,leadership,29/06/1985,15/08/2011,14/01/2014,15/09/2018
grizzledDingo0,110580,Belum_menikah,Wanita,FullTime,Software Engineer (Back End),Senior_level,Sangat_bagus,Jakarta Timur,Indeed,4,4,0,0,8,+6289622388xxx,grizzledDingo0438@hotmail.com,Sarjana,1,1,masih_bekerja,19/04/1990,05/05/2014,24/01/2020,-
guiltyDoughnut4,111584,Belum_menikah,Wanita,Outsource,Software Engineer (Back End),Freshgraduate_program,Biasa,Jakarta Utara,LinkedIn,3,3,5,0,19,+6285858800xxx,guiltyDoughnut4476@yahoo.com,Doktor,1,1,masih_bekerja,12/03/1973,10/06/2011,08/02/2020,-
thrilledThrushe4,101154,Menikah,Pria,FullTime,Software Engineer (Back End),Freshgraduate_program,Biasa,Jakarta Selatan,Indeed,2,4,0,0,18,+6289793710xxx,thrilledThrushe4101@outlook.com,Sarjana,1,1,ganti_karir,09/11/1972,24/09/2012,01/04/2018,14/11/2017
giddyMandrill6,101274,Menikah,Pria,FullTime,Product Design (UI & UX),Mid_level,Biasa,Jakarta Utara,Employee_Referral,3,3,0,0,10,+6281272430xxx,giddyMandrill6475@gmail.com,Sarjana,1,1,jam_kerja,28/03/1983,01/04/2013,06/03/2017,26/09/2019
shamefulSalami8,101647,Bercerai,Pria,Outsource,Software Engineer (Back End),Mid_level,Biasa,Jakarta Pusat,LinkedIn,3,5,5,,1,+6285890385xxx,shamefulSalami8906@proton.com,Magister,1,1,masih_bekerja,06/05/1983,07/07/2014,18/02/2020,-
solidEagle1,100762,Menikah,Wanita,FullTime,Software Engineer (Front End),Senior_level,Bagus,Jakarta Utara,Other,4,3,2,0,3,+6283334899xxx,solidEagle1834@icloud.com,Sarjana,1,,masih_bekerja,16/04/1979,05/01/2009,08/02/2020,-
gutturalRhino1,101345,Bercerai,Pria,FullTime,Software Engineer (Android),Mid_level,Biasa,Jakarta Pusat,Employee_Referral,3,4,5,0,19,+6283163515xxx,gutturalRhino1711@yahoo.com,Sarjana,1,,ganti_karir,05/09/1984,01/12/2014,16/01/2017,19/08/2014
sugaryIcecream2,105323,Lainnya,Pria,FullTime,Product Manager,Mid_level,Kurang,Jakarta Barat,Indeed,4,5,6,0,16,+6289687151xxx,sugaryIcecream2932@outlook.com,Sarjana,1,,masih_bekerja,07/01/1988,05/01/2015,18/02/2020,-
joyfulCockatoo5,110858,Menikah,Wanita,FullTime,Software Engineer (Back End),Mid_level,Bagus,Jakarta Timur,Google_Search,3,5,0,0,1,+6289989384xxx,joyfulCockatoo5977@hotmail.com,Magister,1,,masih_bekerja,08/12/1983,30/09/2013,21/02/2020,-
exactingBuck0,111318,Belum_menikah,Pria,Outsource,Software Engineer (Front End),Freshgraduate_program,Bagus,Jakarta Utara,LinkedIn,4,3,0,0,13,+6285917539xxx,exactingBuck0287@icloud.com,Magister,1,,masih_bekerja,11/12/1976,30/09/2013,07/02/2020,-
somberRelish9,106017,Belum_menikah,Pria,FullTime,Software Engineer (Back End),Freshgraduate_program,Kurang,Jakarta Pusat,Indeed,2,4,0,0,10,+6289511334xxx,somberRelish9280@gmail.com,Sarjana,1,,masih_bekerja,19/01/1976,30/09/2013,23/01/2020,-
aboardUnicorn8,106687,Belum_menikah,Pria,FullTime,Software Engineer (Back End),Mid_level,Bagus,Jakarta Timur,Indeed,3,3,0,0,6,+6281943118xxx,aboardUnicorn8967@outlook.com,Magister,1,,masih_bekerja,15/01/1968,09/01/2006,04/01/2020,-
jumpyCaviar5,106013,Lainnya,Wanita,Outsource,Software Engineer (Front End),Mid_level,Bagus,Jakarta Barat,Google_Search,3,5,0,0,2,+6285892182xxx,jumpyCaviar5364@icloud.com,Magister,1,,leadership,11/11/1989,07/11/2011,30/03/2014,30/05/2013
selfishDinosaur9,106314,Belum_menikah,Wanita,Outsource,Software Engineer (Back End),Freshgraduate_program,Kurang,Jakarta Pusat,Indeed,4,3,0,0,1,+6287866077xxx,selfishDinosaur9598@icloud.com,Magister,1,,masih_bekerja,11/05/1990,30/09/2013,25/01/2020,-
aloofChile5,105458,Belum_menikah,Pria,FullTime,Software Engineer (Back End),Freshgraduate_program,Bagus,Jakarta Timur,Indeed,4,3,0,0,14,+6287843062xxx,aloofChile5822@outlook.com,Sarjana,1,,masih_bekerja,09/08/1983,28/01/2016,22/02/2020,-
dopeyGatorade1,110836,Menikah,Pria,FullTime,Software Engineer (Back End),Freshgraduate_program,Biasa,Jakarta Barat,Diversity_Job_Fair,2,3,0,3,10,+6285806554xxx,dopeyGatorade1019@gmail.com,Sarjana,1,,,12/10/1964,26/04/2010,06/03/2012,-
giddyCod5,110980,Belum_menikah,Wanita,FullTime,Software Engineer (Android),Freshgraduate_program,Bagus,Jakarta Pusat,Employee_Referral,3,5,0,0,7,+6287822509xxx,giddyCod5287@proton.com,Doktor,1,,leadership,22/03/1966,30/09/2013,22/02/2020,30/05/2013
grudgingMeerkat3,106008,Belum_menikah,Wanita,Outsource,Software Engineer (Back End),Freshgraduate_program,Bagus,Jakarta Timur,CareerBuilder,3,4,0,0,4,+6285714869xxx,grudgingMeerkat3383@proton.com,Sarjana,1,,,17/04/1986,10/01/2011,03/02/2017,-
mellowPudding2,105441,Bercerai,Wanita,FullTime,Software Engineer (Back End),Senior_level,Bagus,Jakarta Selatan,Employee_Referral,4,4,0,0,3,+6281218824xxx,mellowPudding2026@outlook.com,Sarjana,1,,,02/03/1980,05/03/2012,21/02/2020,-
obsessedCake8,101666,Lainnya,Wanita,FullTime,Data Engineer,Mid_level,Sangat_bagus,Jakarta Utara,Indeed,3,3,0,0,18,+6281290438xxx,obsessedCake8683@yahoo.com,Magister,1,,kejelasan_karir,07/05/1965,29/09/2014,28/01/2020,15/11/2017
stressedMare5,105754,Belum_menikah,Pria,FullTime,Software Engineer (Back End),Freshgraduate_program,Biasa,Jakarta Selatan,Employee_Referral,1,5,0,4,7,+6281803209xxx,stressedMare5193@proton.com,Doktor,1,,tidak_bisa_remote,07/07/1975,29/09/2014,28/01/2020,08/06/2018
cheerfulPear0,100874,Lainnya,Wanita,FullTime,Software Engineer (Front End),Freshgraduate_program,Biasa,Jakarta Utara,CareerBuilder,4,5,0,0,17,+6285930735xxx,cheerfulPear0374@hotmail.com,Magister,1,,tidak_bisa_remote,21/05/1983,21/02/2011,03/06/2014,01/04/2018
excludedPoultry2,101560,Menikah,Wanita,FullTime,Software Engineer (Back End),Freshgraduate_program,Sangat_bagus,Jakarta Timur,CareerBuilder,4,4,0,0,20,+6289713525xxx,excludedPoultry2788@hotmail.com,Sarjana,1,,tidak_bisa_remote,25/11/1987,26/10/2009,02/04/2016,19/08/2014
boastfulSyrup4,100869,Lainnya,Pria,FullTime,Software Engineer (Front End),Freshgraduate_program,Sangat_bagus,Jakarta Timur,Employee_Referral,4,3,0,0,2,+6281209655xxx,boastfulSyrup4371@yahoo.com,Sarjana,1,,,11/07/1981,02/06/2015,04/01/2020,-
spiritedDunbird4,105997,Belum_menikah,Wanita,FullTime,DevOps Engineer,Mid_level,Kurang,Jakarta Barat,Indeed,3,3,5,0,2,+6281913444xxx,spiritedDunbird4070@icloud.com,Sarjana,1,,,07/11/1986,05/01/2015,11/02/2020,-
pridefulChamois9,101005,Menikah,Wanita,Outsource,Software Engineer (Back End),Senior_level,Biasa,Jakarta Selatan,LinkedIn,3,3,0,0,1,+6281276322xxx,pridefulChamois9218@proton.com,Sarjana,1,,,08/09/1969,07/07/2014,11/01/2020,-
jumpySeahorse6,110876,Belum_menikah,Pria,FullTime,Software Engineer (Back End),Freshgraduate_program,Sangat_bagus,Jakarta Utara,Indeed,3,5,5,0,8,+6281959858xxx,jumpySeahorse6149@gmail.com,Sarjana,1,,,30/06/1989,20/04/2017,28/01/2020,-
mercifulSmelt7,100520,Menikah,Pria,FullTime,Software Engineer (Front End),Freshgraduate_program,Bagus,Jakarta Timur,Indeed,3,3,6,0,2,+6283307603xxx,mercifulSmelt7471@proton.com,Sarjana,1,,,05/09/1985,05/09/2012,27/02/2020,-
jubilantWildfowl6,105889,Belum_menikah,Wanita,FullTime,Software Engineer (Front End),Senior_level,Sangat_kurang,Jakarta Barat,Google_Search,3,4,0,0,13,+6285783035xxx,jubilantWildfowl6521@yahoo.com,Sarjana,1,,,23/03/1977,28/11/2011,22/02/2020,-
insecureIcecream8,100620,Menikah,Wanita,FullTime,Software Engineer (Back End),Mid_level,Sangat_bagus,Jakarta Timur,Google_Search,4,5,0,0,1,+6289797498xxx,insecureIcecream8676@yahoo.com,Magister,1,,jam_kerja,25/02/1951,04/04/2011,06/05/2016,15/11/2017
chicSalami4,106555,Belum_menikah,Wanita,FullTime,Software Engineer (Front End),Freshgraduate_program,Biasa,Jakarta Timur,Website,4,3,5,0,2,+6285645161xxx,chicSalami4094@hotmail.com,Magister,1,,kejelasan_karir,19/05/1988,01/05/2015,15/01/2020,08/06/2018
hushedBobolink8,106392,Menikah,Wanita,FullTime,Software Engineer (Back End),Mid_level,Sangat_bagus,Jakarta Selatan,Website,3,5,0,0,9,+6285522082xxx,hushedBobolink8263@outlook.com,Sarjana,1,,Product Design (UI & UX),29/08/1988,09/01/2012,01/02/2020,01/04/2018
boredEggs0,106285,Lainnya,Wanita,FullTime,Software Engineer (Front End),Freshgraduate_program,Bagus,Jakarta Timur,Diversity_Job_Fair,3,3,0,0,12,+6285733263xxx,boredEggs0225@outlook.com,Sarjana,1,,jam_kerja,03/06/1967,01/04/2013,13/02/2020,19/08/2014
amazedRhino8,110412,Belum_menikah,Pria,FullTime,Software Engineer (Back End),Senior_level,Biasa,Jakarta Pusat,Indeed,3,3,0,0,14,+6289663000xxx,amazedRhino8622@gmail.com,Sarjana,1,,,10/03/1970,30/09/2013,20/02/2015,-
similarHeron2,100799,Belum_menikah,Wanita,FullTime,Software Engineer (Back End),Freshgraduate_program,Bagus,Jakarta Timur,CareerBuilder,4,4,0,0,7,+6281305913xxx,similarHeron2961@hotmail.com,Magister,1,,,10/07/1971,07/07/2014,15/01/2015,-
troubledQuiche5,106480,Menikah,Wanita,FullTime,Software Engineer (Front End),Mid_level,Sangat_bagus,Jakarta Pusat,Indeed,4,3,5,0,17,+6285896075xxx,troubledQuiche5924@icloud.com,Sarjana,1,,leadership,21/11/1972,07/01/2017,06/02/2020,30/05/2013
worldlyMackerel2,106383,Belum_menikah,Pria,FullTime,Software Engineer (Back End),Mid_level,Sangat_bagus,Jakarta Utara,Google_Search,4,3,0,0,13,+6289537268xxx,worldlyMackerel2662@hotmail.com,Sarjana,1,,,06/03/1988,05/07/2011,20/02/2013,-
soreTruffle3,105808,Lainnya,Wanita,Outsource,Software Engineer (Back End),Freshgraduate_program,Sangat_kurang,Jakarta Timur,Indeed,2,4,0,0,3,+6285636782xxx,soreTruffle3888@outlook.com,Magister,1,,,08/05/1980,29/09/2014,07/02/2020,-
spiritedHeron5,100815,Lainnya,Wanita,FullTime,Software Engineer (Front End),Freshgraduate_program,Bagus,Jakarta Pusat,Indeed,3,5,0,0,20,+6287739176xxx,spiritedHeron5223@yahoo.com,Magister,1,,,22/09/1989,16/02/2015,25/01/2020,-
affectedLemur7,100692,Belum_menikah,Wanita,FullTime,Software Engineer (Back End),Freshgraduate_program,Biasa,Jakarta Barat,Indeed,2,1,0,2,5,+6285717696xxx,affectedLemur7726@yahoo.com,Sarjana,1,,leadership,25/08/1989,07/07/2014,25/02/2020,15/11/2017
wakefulPolenta7,111356,Menikah,Wanita,Internship,Software Engineer (Back End),Freshgraduate_program,Sangat_bagus,Jakarta Selatan,LinkedIn,3,4,0,0,5,+6285978175xxx,wakefulPolenta7723@outlook.com,Doktor,1,,leadership,20/07/1986,16/05/2011,13/05/2015,08/06/2018
betrayedHeron3,110833,Belum_menikah,Pria,FullTime,Software Engineer (Back End),Senior_level,Biasa,Jakarta Timur,Diversity_Job_Fair,3,4,0,0,1,+6285814395xxx,betrayedHeron3360@hotmail.com,Sarjana,1,,kejelasan_karir,29/09/1969,11/07/2011,18/02/2020,01/04/2018
peacefulEggs3,106621,Belum_menikah,Pria,FullTime,Software Engineer (Android),Freshgraduate_program,Biasa,Jakarta Utara,LinkedIn,3,3,0,0,4,+6285683205xxx,peacefulEggs3191@yahoo.com,Magister,1,,leadership,14/03/1985,17/02/2014,11/01/2020,19/08/2014
boastfulDinosaur8,101147,Belum_menikah,Wanita,FullTime,Product Design (UI & UX),Freshgraduate_program,Biasa,Jakarta Pusat,Diversity_Job_Fair,4,4,0,0,17,+6281230982xxx,boastfulDinosaur8246@yahoo.com,Magister,1,,,14/02/1973,07/11/2011,02/02/2016,-
joyfulMandrill4,105401,Belum_menikah,Pria,FullTime,Machine Learning Engineer,Freshgraduate_program,Sangat_bagus,Jakarta Barat,LinkedIn,2,5,7,0,2,+6285916008xxx,joyfulMandrill4830@yahoo.com,Sarjana,1,,,30/07/1964,17/02/2014,10/01/2017,-
sincereBass4,101615,Bercerai,Pria,FullTime,Software Engineer (Front End),Freshgraduate_program,Biasa,Jakarta Pusat,Website,2,2,0,3,5,+6285679942xxx,sincereBass4134@yahoo.com,Sarjana,1,,,09/05/1974,12/05/2014,17/01/2020,-
annoyedSalt4,105685,Belum_menikah,Pria,FullTime,Software Engineer (Back End),Mid_level,Sangat_kurang,Jakarta Selatan,LinkedIn,3,5,0,0,8,+6283898937xxx,annoyedSalt4842@hotmail.com,Magister,1,,,31/05/1974,10/11/2014,13/02/2020,-
excludedCoconut6,101499,Belum_menikah,Pria,Outsource,Software Engineer (Android),Mid_level,Sangat_bagus,Jakarta Barat,Diversity_Job_Fair,3,4,6,0,8,+6287761474xxx,excludedCoconut6557@yahoo.com,Sarjana,1,,,04/01/1964,09/01/2012,04/01/2016,-
soreDunbird3,101434,Belum_menikah,Pria,Outsource,Data Engineer,Freshgraduate_program,Sangat_bagus,Jakarta Utara,LinkedIn,4,4,0,0,11,+6285615899xxx,soreDunbird3996@hotmail.com,Magister,1,,,22/07/1982,16/05/2011,30/03/2016,-
excludedPlover4,110746,Menikah,Wanita,FullTime,Software Engineer (Back End),Freshgraduate_program,Kurang,Jakarta Barat,Google_Search,3,3,0,0,6,+6281258404xxx,excludedPlover4963@yahoo.com,Magister,1,,,08/11/1983,04/04/2011,07/01/2013,-
ferventHyena2,101401,Belum_menikah,Pria,FullTime,Software Engineer (Back End),Mid_level,Biasa,Jakarta Barat,Employee_Referral,3,3,0,0,14,+6289997684xxx,ferventHyena2884@outlook.com,Sarjana,1,,,19/06/1961,06/01/2014,07/01/2020,-
cautiousTortoise1,110590,Lainnya,Wanita,Outsource,Software Engineer (Android),Senior_level,Kurang,Jakarta Barat,Indeed,4,3,0,0,1,+6289640533xxx,cautiousTortoise1671@yahoo.com,Sarjana,1,,,05/11/1978,02/07/2012,25/02/2020,-
affectedLollies9,106673,Bercerai,Wanita,FullTime,Software Engineer (Back End),Mid_level,Biasa,Jakarta Pusat,Indeed,4,4,0,0,1,+6289519764xxx,affectedLollies9935@proton.com,Sarjana,1,,,09/05/1965,05/07/2011,02/03/2017,-
crushedMallard7,110450,Menikah,Pria,FullTime,Software Engineer (Android),Freshgraduate_program,Bagus,Jakarta Barat,Indeed,3,5,0,0,15,+6289949044xxx,crushedMallard7339@outlook.com,Magister,1,,,19/08/1977,04/04/2011,14/01/2020,-
culturedMandrill6,100709,Menikah,Wanita,FullTime,Software Engineer (Back End),Freshgraduate_program,Biasa,Jakarta Utara,Indeed,1,5,4,4,19,+6282293404xxx,culturedMandrill6815@yahoo.com,Sarjana,1,,,15/05/1987,02/05/2011,10/08/2013,-
alertSyrup3,111486,Belum_menikah,Pria,FullTime,Software Engineer (Android),Mid_level,Biasa,Jakarta Utara,Google_Search,4,5,0,0,4,+6285607737xxx,alertSyrup3002@hotmail.com,Sarjana,1,,,18/03/1987,04/04/2011,02/07/2019,-
solidSheep7,106069,Belum_menikah,Wanita,Outsource,Product Design (UI & UX),Freshgraduate_program,Bagus,Jakarta Selatan,Indeed,4,3,0,0,20,+6281315242xxx,solidSheep7216@outlook.com,Magister,1,,leadership,25/07/1979,07/01/2013,20/02/2015,15/11/2017
kindEland7,105293,Belum_menikah,Wanita,FullTime,Data Analyst,Mid_level,Sangat_bagus,Jakarta Barat,Indeed,4,5,0,0,15,+6289783478xxx,kindEland7431@hotmail.com,Sarjana,1,,masih_bekerja,27/09/1988,07/01/2008,03/01/2020,-
outlyingCamel2,106467,Belum_menikah,Wanita,FullTime,Software Engineer (Back End),Mid_level,Biasa,Jakarta Timur,Employee_Referral,3,5,6,0,15,+6281380903xxx,outlyingCamel2337@icloud.com,Sarjana,1,,kejelasan_karir,11/10/1981,16/02/2015,14/02/2020,01/04/2018
morbidTruffle8,110725,Belum_menikah,Wanita,FullTime,Software Engineer (Back End),Mid_level,Sangat_bagus,Jakarta Selatan,Google_Search,2,3,0,0,16,+6289652194xxx,morbidTruffle8334@icloud.com,Sarjana,1,,jam_kerja,14/04/1955,07/11/2011,04/02/2017,19/08/2014
mereBaboon2,101023,Belum_menikah,Pria,FullTime,Software Engineer (Back End),Senior_level,Biasa,Jakarta Timur,Indeed,3,5,0,0,13,+6281244714xxx,mereBaboon2299@hotmail.com,Sarjana,1,,,27/11/1979,19/08/2013,22/01/2020,-
jumpyBuck8,100317,Belum_menikah,Wanita,FullTime,Data Analyst,Freshgraduate_program,Sangat_bagus,Jakarta Utara,Diversity_Job_Fair,4,3,0,0,4,+6287731679xxx,jumpyBuck8498@outlook.com,Magister,1,,toxic_culture,11/02/1970,06/07/2009,25/01/2020,05/06/2015
superiorLemur1,105736,Lainnya,Wanita,FullTime,Software Engineer (Android),Freshgraduate_program,Biasa,Jakarta Selatan,Google_Search,4,5,0,0,19,+6289967540xxx,superiorLemur1276@yahoo.com,Doktor,1,,,16/03/1981,09/01/2012,29/01/2020,-
boredTortoise1,100526,Bercerai,Pria,FullTime,Software Engineer (Back End),Senior_level,Biasa,Jakarta Barat,Indeed,3,4,0,0,6,+6283858649xxx,boredTortoise1055@hotmail.com,Magister,1,,,25/11/1978,30/08/2010,04/05/2012,-
grumpyFish5,100338,Belum_menikah,Pria,FullTime,Data Analyst,Mid_level,Kurang,Jakarta Selatan,Diversity_Job_Fair,4,4,5,0,9,+6282251549xxx,grumpyFish5094@icloud.com,Magister,1,,masih_bekerja,04/07/1988,10/11/2014,25/02/2020,-
similarCaviar3,105951,Lainnya,Wanita,FullTime,Software Engineer (Back End),Freshgraduate_program,Biasa,Jakarta Selatan,Indeed,3,3,0,0,6,+6283269904xxx,similarCaviar3516@icloud.com,Sarjana,1,,,07/05/1992,05/06/2015,14/02/2020,-
enviousPie8,100282,Belum_menikah,Pria,FullTime,Product Manager,Senior_level,Bagus,Jakarta Utara,Indeed,5,3,6,0,17,+6283303593xxx,enviousPie8891@hotmail.com,Sarjana,1,,,05/05/1975,30/03/2015,24/02/2017,-
finickySwift5,105296,Belum_menikah,Wanita,Outsource,Data Analyst,Freshgraduate_program,Biasa,Jakarta Utara,Google_Search,4,4,0,0,2,+6281213075xxx,finickySwift5808@icloud.com,Magister,1,,internal_conflict,08/09/1989,11/07/2011,01/02/2017,25/06/2017
similarTortoise9,101058,Lainnya,Pria,Outsource,Software Engineer (Back End),Freshgraduate_program,Bagus,Jakarta Timur,Employee_Referral,4,5,6,0,7,+6281216232xxx,similarTortoise9156@outlook.com,Magister,1,,,23/04/1986,10/11/2014,07/01/2020,-
chicPlover7,111572,Bercerai,Wanita,Outsource,Software Engineer (Front End),Freshgraduate_program,Sangat_bagus,Jakarta Timur,Diversity_Job_Fair,2,4,4,0,17,+6281366582xxx,chicPlover7178@hotmail.com,Sarjana,1,,,14/06/1987,26/09/2011,15/08/2014,-
pluckyRhino0,105574,Belum_menikah,Pria,FullTime,Software Engineer (Back End),Freshgraduate_program,Kurang,Jakarta Utara,Employee_Referral,4,3,4,0,5,+6283307754xxx,pluckyRhino0779@gmail.com,Sarjana,1,,,09/09/1965,10/11/2014,02/01/2020,-
betrayedLizard5,110865,Belum_menikah,Wanita,FullTime,Software Engineer (Back End),Freshgraduate_program,Biasa,Jakarta Pusat,LinkedIn,3,5,0,0,3,+6283843655xxx,betrayedLizard5694@gmail.com,Sarjana,1,,,09/10/1974,19/08/2013,15/02/2020,-
curiousMackerel5,100667,Belum_menikah,Wanita,FullTime,Software Engineer (Back End),Senior_level,Bagus,Jakarta Pusat,Google_Search,4,4,0,0,4,+6289758085xxx,curiousMackerel5858@hotmail.com,Sarjana,1,,,28/11/1973,18/09/2014,15/01/2020,-
cautiousLeopard7,101043,Bercerai,Pria,FullTime,Software Engineer (Front End),Freshgraduate_program,Sangat_bagus,Jakarta Utara,LinkedIn,2,3,0,0,3,+6283186563xxx,cautiousLeopard7395@yahoo.com,Magister,1,,,10/11/1977,17/02/2014,06/02/2020,-
peacefulKitten4,101525,Lainnya,Pria,Outsource,Software Engineer (Front End),Freshgraduate_program,Sangat_kurang,Jakarta Pusat,LinkedIn,3,3,5,0,2,+6283105380xxx,peacefulKitten4282@yahoo.com,Sarjana,yes,,kejelasan_karir,17/12/1987,05/01/2015,20/04/2016,15/11/2017
selfishBagels2,110658,Belum_menikah,Pria,FullTime,Software Engineer (Front End),Mid_level,Biasa,Jakarta Pusat,Indeed,3,5,5,0,4,+6281257867xxx,selfishBagels2421@gmail.com,Magister,1,,jam_kerja,09/07/1970,05/01/2014,04/01/2020,08/06/2018
mellowSalami5,100353,Belum_menikah,Pria,FullTime,Product Design (UI & UX),Freshgraduate_program,Bagus,Jakarta Utara,Google_Search,4,4,0,0,20,+6289799136xxx,mellowSalami5497@icloud.com,Sarjana,1,,jam_kerja,18/10/1981,21/02/2011,05/04/2018,01/04/2018
goofyMare7,101543,Bercerai,Wanita,FullTime,Software Engineer (Back End),Freshgraduate_program,Biasa,Jakarta Selatan,LinkedIn,4,4,0,0,15,+6289546076xxx,goofyMare7910@outlook.com,Magister,1,,jam_kerja,24/08/1985,19/08/2013,15/02/2020,19/08/2014
jubilantTeal7,106547,Lainnya,Pria,FullTime,DevOps Engineer,Freshgraduate_program,Bagus,Jakarta Barat,Employee_Referral,3,3,7,0,16,+6287898271xxx,jubilantTeal7049@hotmail.com,Magister,1,,,08/02/1970,05/01/2015,14/01/2020,-
importedJerky1,106093,Bercerai,Wanita,Outsource,Software Engineer (Front End),Freshgraduate_program,Sangat_bagus,Jakarta Utara,CareerBuilder,4,3,0,0,17,+6285715469xxx,importedJerky1918@yahoo.com,Sarjana,1,,,17/01/1979,26/09/2011,02/07/2018,-
crushedHyena6,111299,Lainnya,Wanita,FullTime,Machine Learning Engineer,Freshgraduate_program,Biasa,Jakarta Selatan,Indeed,4,5,0,0,5,+6285683201xxx,crushedHyena6043@yahoo.com,Sarjana,1,,,23/11/1985,10/11/2014,16/01/2020,-
mildChowder7,111643,Belum_menikah,Wanita,FullTime,Software Engineer (Back End),Mid_level,Sangat_kurang,Jakarta Pusat,Indeed,2,5,0,0,13,+6285951035xxx,mildChowder7653@yahoo.com,Sarjana,1,,jam_kerja,15/08/1968,14/05/2012,31/01/2020,15/11/2017
pitifulMallard6,111176,Bercerai,Wanita,Outsource,Product Manager,Mid_level,Sangat_kurang,Jakarta Selatan,Google_Search,3,5,4,0,14,+6281977529xxx,pitifulMallard6993@outlook.com,Magister,1,,jam_kerja,07/11/1987,11/11/2013,14/01/2020,08/06/2018
amazedMoth0,106363,-,Wanita,Internship,Software Engineer (Front End),Senior_level,Biasa,Jakarta Pusat,Indeed,3,5,0,0,12,+6285931209xxx,amazedMoth0683@outlook.com,Magister,1,0,jam_kerja,17/08/1986,16/05/2011,10/01/2014,01/04/2018
mereEland2,100583,Bercerai,Wanita,FullTime,Software Engineer (Front End),Senior_level,Sangat_bagus,Jakarta Selatan,LinkedIn,2,5,8,0,19,+6287819903xxx,mereEland2033@gmail.com,Magister,1,,kejelasan_karir,18/01/1952,10/11/2014,12/02/2020,19/08/2014
puzzledUnicorn3,101135,Menikah,Wanita,FullTime,Digital Product Manager,Freshgraduate_program,Sangat_kurang,Jakarta Timur,LinkedIn,4,4,0,0,15,+6289989448xxx,puzzledUnicorn3199@outlook.com,Sarjana,1,,,26/12/1976,08/07/2013,10/06/2017,-
soreGranola0,100821,Belum_menikah,Wanita,FullTime,Software Engineer (iOS),Freshgraduate_program,Bagus,Jakarta Pusat,LinkedIn,3,5,7,0,20,+6289565639xxx,soreGranola0345@icloud.com,Sarjana,1,,,24/11/1989,30/03/2015,10/01/2020,-
drearyLemur9,101114,Lainnya,Wanita,FullTime,Product Manager,Freshgraduate_program,Biasa,Jakarta Timur,Website,3,3,0,0,11,+6281279787xxx,drearyLemur9992@icloud.com,Magister,1,,,26/10/1981,30/09/2013,21/01/2020,-
wornoutDoughnut2,106442,Belum_menikah,Wanita,FullTime,Software Engineer (Front End),Freshgraduate_program,Sangat_bagus,Jakarta Utara,Google_Search,3,4,0,0,10,+6289528552xxx,wornoutDoughnut2488@outlook.com,Sarjana,1,,,05/09/1981,26/09/2011,22/10/2012,-
madSardines6,106459,Belum_menikah,Wanita,FullTime,Software Engineer (Front End),Freshgraduate_program,Biasa,Jakarta Pusat,Indeed,2,3,0,4,16,+6281393313xxx,madSardines6012@yahoo.com,Sarjana,1,,,07/01/1985,10/01/2011,05/04/2017,-
aloofBasmati5,106166,Belum_menikah,Wanita,FullTime,Software Engineer (Front End),Freshgraduate_program,Sangat_bagus,Jakarta Selatan,LinkedIn,4,4,0,0,16,+6287803460xxx,aloofBasmati5005@yahoo.com,Magister,1,,,10/12/1986,05/07/2011,02/07/2013,-
alertDoughnut7,110277,Belum_menikah,Pria,FullTime,Product Manager,Senior_level,Sangat_bagus,Jakarta Barat,LinkedIn,3,5,0,0,1,+6281316733xxx,alertDoughnut7481@yahoo.com,Magister,1,,,10/07/1983,05/07/2011,17/01/2020,-
mercifulCheetah9,106590,Belum_menikah,Pria,FullTime,Software Engineer (Back End),Freshgraduate_program,Sangat_bagus,Jakarta Barat,LinkedIn,3,4,5,0,13,+6281883291xxx,mercifulCheetah9150@proton.com,Sarjana,1,,,09/02/1983,30/06/2016,14/01/2020,-
sheepishOatmeal5,105963,Belum_menikah,Pria,FullTime,Software Engineer (Front End),Freshgraduate_program,Kurang,Jakarta Utara,Indeed,2,2,0,3,4,+6281933005xxx,sheepishOatmeal5286@yahoo.com,Magister,1,,,15/11/1976,21/02/2011,12/04/2013,-
dreadfulBobolink0,111680,Belum_menikah,Pria,FullTime,Software Engineer (Back End),Freshgraduate_program,Sangat_bagus,Jakarta Timur,Other,3,4,0,0,15,+6289697234xxx,dreadfulBobolink0484@proton.com,Magister,1,,,16/09/1975,25/06/2007,14/07/2011,-
importedOwl7,111336,Bercerai,Pria,FullTime,Software Engineer (Back End),Freshgraduate_program,Sangat_kurang,Jakarta Barat,Diversity_Job_Fair,4,5,3,0,13,+6285664605xxx,importedOwl7056@icloud.com,Magister,1,,,20/02/1979,07/11/2011,16/08/2016,-
peskyCoconut7,110287,Bercerai,Wanita,FullTime,Product Manager,Senior_level,Biasa,Jakarta Pusat,LinkedIn,2,3,0,0,3,+6281328735xxx,peskyCoconut7276@outlook.com,Sarjana,1,,,19/09/1988,05/07/2011,15/05/2013,-
awedBaboon6,100973,Belum_menikah,Wanita,FullTime,Software Engineer (Back End),Freshgraduate_program,Bagus,Jakarta Timur,LinkedIn,3,3,0,0,7,+6289931606xxx,awedBaboon6031@proton.com,Sarjana,1,,,11/09/1972,05/11/2012,17/01/2020,-
truthfulHawk9,106029,Menikah,Wanita,FullTime,Software Engineer (Back End),Senior_level,Biasa,Jakarta Selatan,Indeed,4,3,0,0,10,+6285919278xxx,truthfulHawk9561@yahoo.com,Sarjana,1,,,21/09/1954,02/07/2012,17/01/2020,-
bubblyPup4,100950,Menikah,Wanita,FullTime,Software Engineer (Back End),Freshgraduate_program,Sangat_bagus,Jakarta Selatan,LinkedIn,2,5,0,0,4,+6289922130xxx,bubblyPup4032@proton.com,Doktor,1,,,11/03/1984,06/06/2016,18/01/2020,-
adoringMacaw3,110492,Bercerai,Wanita,FullTime,Software Engineer (Back End),Freshgraduate_program,Biasa,Jakarta Barat,Indeed,2,4,0,0,11,+6285627455xxx,adoringMacaw3272@yahoo.com,Sarjana,1,,,12/02/1979,12/05/2014,19/02/2020,-
amusedIcecream0,111104,Menikah,Pria,FullTime,Product Design (UI & UX),Freshgraduate_program,Bagus,Jakarta Pusat,Google_Search,3,3,0,0,10,+6285622739xxx,amusedIcecream0506@outlook.com,Sarjana,1,,,02/09/1982,14/05/2012,22/02/2020,-
affectedPup0,100718,Belum_menikah,Wanita,FullTime,Software Engineer (Front End),Senior_level,Kurang,Jakarta Barat,LinkedIn,3,4,0,0,7,+6282244826xxx,affectedPup0249@outlook.com,Magister,1,,leadership,27/09/1987,17/02/2014,07/01/2020,15/11/2017
spiritedWeaver4,106225,Lainnya,Pria,FullTime,Product Manager,Mid_level,Biasa,Jakarta Selatan,LinkedIn,2,3,0,0,14,+6281336578xxx,spiritedWeaver4174@hotmail.com,Doktor,1,,jam_kerja,17/08/1992,07/11/2011,08/01/2020,08/06/2018
pluckyMacaw2,106518,Belum_menikah,Pria,FullTime,Software Engineer (Back End),Freshgraduate_program,Bagus,Jakarta Timur,CareerBuilder,3,3,0,0,13,+6285780582xxx,pluckyMacaw2231@icloud.com,Magister,1,,kejelasan_karir,26/04/1986,30/08/2010,10/01/2020,01/04/2018
exactingZebra6,106073,Belum_menikah,Pria,FullTime,Data Analyst,Mid_level,Sangat_bagus,Jakarta Utara,LinkedIn,4,5,0,0,13,+6283346575xxx,exactingZebra6270@icloud.com,Magister,1,,,09/12/1986,09/07/2012,04/02/2020,-
blissfulCow2,100331,Bercerai,Pria,FullTime,Product Manager,Freshgraduate_program,Bagus,Jakarta Utara,Diversity_Job_Fair,3,3,0,0,15,+6285922491xxx,blissfulCow2350@gmail.com,Sarjana,1,,,21/02/1974,02/04/2012,06/05/2017,-
peacefulChamois3,106257,Belum_menikah,Wanita,FullTime,Product Design (UI & UX),Freshgraduate_program,Bagus,Jakarta Pusat,LinkedIn,3,4,0,0,13,+6282208741xxx,peacefulChamois3574@icloud.com,Doktor,1,,,18/04/1980,08/07/2013,22/01/2020,-
anxiousTeal2,111378,Belum_menikah,Wanita,FullTime,Software Engineer (Back End),Mid_level,Bagus,Jakarta Timur,Employee_Referral,3,5,7,0,16,+6289567915xxx,anxiousTeal2015@gmail.com,Sarjana,1,,,16/09/1984,10/11/2014,04/01/2020,-
anxiousWasp6,100628,Bercerai,Pria,FullTime,Software Engineer (Front End),Freshgraduate_program,Sangat_bagus,Jakarta Pusat,Indeed,2,5,7,0,15,+6281806218xxx,anxiousWasp6788@outlook.com,Sarjana,1,,,04/09/1983,15/02/2017,23/01/2020,-
dopeySheep0,106034,Belum_menikah,Wanita,FullTime,Data Engineer,Mid_level,Bagus,Jakarta Pusat,Google_Search,2,5,0,0,16,+6283343465xxx,dopeySheep0297@icloud.com,Sarjana,1,,,08/12/1973,26/09/2011,01/03/2016,-
yearningPorpoise4,106254,-,Wanita,FullTime,Product Design (UI & UX),Freshgraduate_program,Biasa,Jakarta Timur,LinkedIn,4,5,0,0,11,+6281222782xxx,yearningPorpoise4421@yahoo.com,Sarjana,1,,jam_kerja,01/12/1974,13/05/2013,28/01/2020,15/11/2017
murkySausage9,110433,Menikah,Wanita,FullTime,Software Engineer (Front End),Senior_level,Biasa,Jakarta Pusat,Diversity_Job_Fair,2,5,0,0,17,+6285821950xxx,murkySausage9688@yahoo.com,Sarjana,1,1,ganti_karir,30/10/1969,11/11/2013,21/01/2020,08/06/2018
truthfulMoth4,110744,Belum_menikah,Pria,FullTime,Software Engineer (Android),Mid_level,Bagus,Jakarta Utara,Google_Search,4,5,0,0,20,+6287787391xxx,truthfulMoth4663@yahoo.com,Sarjana,1,0,kejelasan_karir,01/10/1981,16/05/2011,05/04/2014,01/04/2018
puzzledFish5,106214,Menikah,Pria,Internship,Data Analyst,Mid_level,Bagus,Jakarta Barat,Indeed,4,3,0,0,2,+6287722818xxx,puzzledFish5776@hotmail.com,Sarjana,1,,,10/08/1981,16/08/2012,14/01/2020,-
